{
    "test_mae": 0.0899379770462003,
    "test_mse": 0.017434833333064597,
    "test_r2": 0.9067219734928097,
    "train_mae": 0.025440055046551096,
    "train_mse": 0.001173492543381041,
    "train_r2": 0.991134487880179
}